"Total Cycles","Elapsed Cycles","Step","PC:Cycle Start Time (s)","PC:Frequency (Hz)","Position(8801MTB14188:Position):Maximum (mm)","Position(8801MTB14188:Position):Minimum (mm)","Load(8801MTB14188:Load):Maximum (kN)","Load(8801MTB14188:Load):Minimum (kN)",
1,1,1,0,0.03324,0.0022571069329159,-0.000231130990933302,0.0326546840369701,0.0106953084468842,
1,1,2,30.084,0.007687,1.3015419164472,-0.000450038372494186,12.0463877916336,0.0112706795334816,
1,1,3,160.17,0.007688,1.30229139832472,-0.00104773794620717,12.0512617751956,-1.29483845084906,
1,1,4,290.25,0.033239,0.00342198198150903,-0.000922358638644378,-0.960374809801579,-1.284343842417,
