"Total Cycles","Elapsed Cycles","Step","PC:Cycle Start Time (s)","PC:Frequency (Hz)","Position(8801MTB14188:Position):Maximum (mm)","Position(8801MTB14188:Position):Minimum (mm)","Load(8801MTB14188:Load):Maximum (kN)","Load(8801MTB14188:Load):Minimum (kN)",
1,1,3,68.246,0.026192,0.381201081388822,-0.00224097176854431,8.78466675058007,-0.687623769044876,
1,1,4,106.426,0.033258,0.00187202831308656,-0.00231920286852778,-0.592216476798058,-0.692579243332148,
